CustomerID,FirstName,LastName,Street,City,State,ZipCode,Telephone
1,June,Day,123 Lane,oba,Massachusetts,12122,182-899-9999
2,Garce,John,Main St.,Smithsville,Massachusetts,78899,888-111-2222
3,George,Kastanza,Ruby St.,Framingham,Texas,22333,987-654-3210
4,Lex,Luther,George St.,Framingham,Texas,11221,789-333-4444
5,Jake,Jerry,Garry Lane,Woonsocket,Deleware,89898,561-111-0000
6,Bob,Johnson,Henry Lane,Framingham,Texas,11221,777-888-2320
7,Joe,Thomson,Wednesday St.,Framingham,Texas,11221,444-900-0009
8,Ben,Black,Sicimor St.,Framingham,Texas,11221,238-877-9871
9,Beth,O'Conner,Pine Grove,Samsville,Road Island,56777,222-001-0002
10,Kery,Michaels,Penn Ave.,Trent Town,Georgia,99992,903-801-0920
11,Drew,Smith,Mendel lane,Mason Town,Ohio,87456,501-009-1020
12,Darius,Cortez,lancer St.,Baltimore,Maryland,54009,450-830-8900
13,Jen,Janson,Linus St.,Framingham,Texas,11221,789-333-0001
14,Ali,Abdullah,199 St.,Framingham,Texas,11221,789-333-0002
15,Chris,Woodsworth,229 St.,Framingham,Texas,11221,789-333-0003
16,Al,Orange,989 Lane,Framingham,Texas,11221,789-333-0004
17,Ramanujan,Srinavasa,West St.,Framingham,Texas,11221,789-333-0005
18,Darrell,Smith,990 St.,Framingham,Texas,11221,789-333-0006
19,Kent,Brown,821 St.,Framingham,Texas,11221,789-333-0007
20,Andrew,Jackson,Carry Road,Framingham,Texas,11221,789-333-0008
21,Sean,Evens,999 Road,Framingham,Texas,11221,789-333-0009
22,Bob,Erickson,256 Lane,Framingham,Texas,11221,789-333-0010
23,Trinity,Madison,256 St.,Woonsocket,Deleware,89898,561-111-0001
24,Megan,Murddock,777 Drive,Woonsocket,Deleware,89898,561-111-0002
25,Mary,Kent,432 Drive,Woonsocket,Deleware,89898,561-111-0003
26,Murry,Donahue,Vendel Ave.,Woonsocket,Deleware,89898,561-111-0004
27,Molly,Meriel,Luck St.,Woonsocket,Deleware,89898,561-111-0005
28,Anne,Meyer,223 Drive,Woonsocket,Deleware,89898,561-111-0006
29,Alexandria,McDonald,994 Drive,Woonsocket,Deleware,89898,561-111-0007
30,Seth,Fredrickson,967 St.,Woonsocket,Deleware,89898,561-111-0008
31,Curt,Barton,276 Lane,Woonsocket,Deleware,89898,561-111-0009
32,Thomas,Penny,866 St.,Woonsocket,Deleware,89898,561-111-1000
33,Derick,Potter,100 Lane,Woonsocket,Deleware,89898,561-111-2000
34,Jack,Smith,Tom Drive,Woonsocket,Deleware,89898,561-111-3000
35,Lena,Carry,Tim St.,Woonsocket,Deleware,89898,561-111-4000
36,Christina,Matthews,777 Carry Drive,Woonsocket,Deleware,89898,561-111-5000
37,Beatrice,Henrickson,End Drive,Woonsocket,Deleware,89898,561-111-6000
38,Carrol,Pink,Chris Ave.,Woonsocket,Deleware,89898,561-111-7000
39,Luther,Wendels,Maple St.,Woonsocket,Deleware,89898,561-111-8000
40,Linus,Lomond,Maple Drive,Woonsocket,Deleware,89898,561-111-9000
41,Dolly,Detrickson,Apple St.,Woonsocket,Deleware,89898,561-111-1100
42,Terrance,MacNamour,Apple Ave.,Woonsocket,Deleware,89898,561-111-2100
43,Alec,Burry,Orange St.,Woonsocket,Deleware,89898,561-111-3100
44,Michael,Sanders,Red St.,Woonsocket,Deleware,89898,561-111-3200
45,Mitchel,Sunder,Blue St.,Woonsocket,Deleware,89898,561-111-3300
46,Nancy,Drew,Green Drive,Woonsocket,Deleware,89898,561-111-3400
47,Jon,Jacobson,Orange Drive,Woonsocket,Deleware,89898,561-111-6600
48,Demetry,Demetrius,Red Ave.,Woonsocket,Deleware,89898,561-111-5500
49,Lorry,Austin,Black Ave.,Woonsocket,Deleware,89898,561-111-4400
50,Max,Teller,Yellow Road,Woonsocket,Deleware,89898,561-111-9900
