OrderID,CustomerID,SKU,Description
1,1,ENT-24-10F,Enterprise Switch 10GigE SFP+ 48 port
2,2,ENT-24-10F,Enterprise Switch 10GigE SFP+ 48 port
3,3,ADV-24-10C,Advanced Switch 10GigE Cooper 24 port
4,4,ADV-24-10C,Advanced Switch 10GigE Cooper 24 port
5,5,ADV-24-10C,Advanced Switch 10GigE Cooper 24 port
6,6,ADV-24-10C,Advanced Switch 10GigE Cooper 24 port
7,7,ENT-24-10F,Enterprise Switch 10GigE SFP+ 48 port
8,8,ADV-24-10C,Advanced Switch 10GigE Cooper 24 port
9,9,ADV-24-10C,Advanced Switch 10GigE Cooper 24 port
10,10,ADV-24-10C,Advanced Switch 10GigE Cooper 24 port
11,11,ENT-24-10F,Enterprise Switch 10GigE SFP+ 48 port
12,12,ENT-24-10F,Enterprise Switch 10GigE SFP+ 48 port
13,13,ENT-24-10F,Enterprise Switch 10GigE SFP+ 48 port
14,14,ENT-24-10F,Enterprise Switch 10GigE SFP+ 48 port
15,15,ADV-24-10C,Advanced Switch 10GigE Cooper 24 port
16,16,ADV-24-10C,Advanced Switch 10GigE Cooper 24 port
17,17,ENT-24-10F,Enterprise Switch 10GigE SFP+ 48 port
18,18,ENT-24-10F,Enterprise Switch 10GigE SFP+ 48 port
19,19,ENT-24-10F,Enterprise Switch 10GigE SFP+ 48 port
20,20,ENT-24-10F,Enterprise Switch 10GigE SFP+ 48 port
21,21,ENT-24-10F,Enterprise Switch 10GigE SFP+ 48 port
22,22,ENT-24-10F,Enterprise Switch 10GigE SFP+ 48 port
23,23,ADV-24-10C,Advanced Switch 10GigE Cooper 24 port
24,24,ADV-24-10C,Advanced Switch 10GigE Cooper 24 port
25,25,ADV-24-10C,Advanced Switch 10GigE Cooper 24 port
26,26,ADV-24-10C,Advanced Switch 10GigE Cooper 24 port
27,27,ADV-24-10C,Advanced Switch 10GigE Cooper 24 port
28,28,ADV-24-10C,Advanced Switch 10GigE Cooper 24 port
29,29,ADV-24-10C,Advanced Switch 10GigE Cooper 24 port
30,30,ADV-24-10C,Advanced Switch 10GigE Cooper 24 port
31,31,ADV-24-10C,Advanced Switch 10GigE Cooper 24 port
32,32,ADV-24-10C,Advanced Switch 10GigE Cooper 24 port
33,33,ADV-24-10C,Advanced Switch 10GigE Cooper 24 port
34,34,ADV-24-10C,Advanced Switch 10GigE Cooper 24 port
35,35,ADV-24-10C,Advanced Switch 10GigE Cooper 24 port
36,36,ADV-24-10C,Advanced Switch 10GigE Cooper 24 port
37,37,ADV-24-10C,Advanced Switch 10GigE Cooper 24 port
38,38,ADV-24-10C,Advanced Switch 10GigE Cooper 24 port
39,39,ADV-24-10C,Advanced Switch 10GigE Cooper 24 port
40,40,ADV-24-10C,Advanced Switch 10GigE Cooper 24 port
41,41,ADV-24-10C,Advanced Switch 10GigE Cooper 24 port
42,42,ADV-24-10C,Advanced Switch 10GigE Cooper 24 port
43,43,ADV-24-10C,Advanced Switch 10GigE Cooper 24 port
44,44,ADV-24-10C,Advanced Switch 10GigE Cooper 24 port
45,45,ADV-24-10C,Advanced Switch 10GigE Cooper 24 port
46,46,ADV-24-10C,Advanced Switch 10GigE Cooper 24 port
47,47,ADV-24-10C,Advanced Switch 10GigE Cooper 24 port
48,48,ADV-24-10C,Advanced Switch 10GigE Cooper 24 port
49,49,ADV-24-10C,Advanced Switch 10GigE Cooper 24 port
50,50,ADV-24-10C,Advanced Switch 10GigE Cooper 24 port
