RMAID,OrderID,Step,Status,Reason
1,5175,Awaiting customer Documentation,Pending,Delay in Shiping
2,1222,Complete,Complete,Rejected
3,2233,Complete,Complete,Rejected
4,8888,Shiping to Customer,Pending,Step Incomplete
5,8984,Shiping to Customer,Complete,Step completed
6,1000,Complete,Complete,Rejected
7,1002,Complete,Complete,Rejected
8,1003,Complete,Complete,Rejected
9,1004,Complete,Complete,Rejected
10,1005,Complete,Complete,Rejected
11,1006,Complete,Complete,Rejected
12,1007,Complete,Complete,Rejected
13,1008,Complete,Complete,Rejected
14,1009,Complete,Complete,Rejected
15,1010,Complete,Complete,Rejected
16,1011,Awaiting customer Documentation,Pending,Delay in Shiping
17,1012,Awaiting customer Documentation,Pending,Delay in Shiping
18,1013,Awaiting customer Documentation,Pending,Delay in Shiping
19,1014,Awaiting customer Documentation,Pending,Delay in Shiping
20,1015,Awaiting customer Documentation,Pending,Delay in Shiping
21,1016,Awaiting customer Documentation,Pending,Delay in Shiping
22,1017,Awaiting customer Documentation,Pending,Delay in Shiping
23,1018,Awaiting customer Documentation,Pending,Delay in Shiping
24,1019,Awaiting customer Documentation,Pending,Delay in Shiping
25,1020,Awaiting customer Documentation,Pending,Delay in Shiping
26,1021,Awaiting customer Documentation,Pending,Delay in Shiping
27,1022,Awaiting customer Documentation,Pending,Delay in Shiping
28,1023,Awaiting customer Documentation,Pending,Delay in Shiping
29,1024,Shiping to Customer,Pending,Step Incomplete
30,1025,Shiping to Customer,Pending,Step Incomplete
31,1026,Shiping to Customer,Pending,Step Incomplete
32,1027,Shiping to Customer,Pending,Step Incomplete
33,1028,Shiping to Customer,Pending,Step Incomplete
34,1029,Shiping to Customer,Pending,Step Incomplete
35,1030,Shiping to Customer,Pending,Step Incomplete
36,1031,Shiping to Customer,Pending,Step Incomplete
37,1032,Shiping to Customer,Pending,Step Incomplete
38,1033,Shiping to Customer,Pending,Step Incomplete
39,1034,Shiping to Customer,Pending,Step Incomplete
40,1035,Shiping to Customer,Pending,Step Incomplete
41,1036,Shiping to Customer,Complete,Step completed
42,1037,Shiping to Customer,Complete,Step completed
43,1038,Shiping to Customer,Complete,Step completed
44,1039,Shiping to Customer,Complete,Step completed
45,1040,Shiping to Customer,Complete,Step completed
46,1041,Shiping to Customer,Complete,Step completed
47,1042,Shiping to Customer,Complete,Step completed
48,1043,Shiping to Customer,Complete,Step completed
49,1044,Shiping to Customer,Complete,Step completed
50,1045,Shiping to Customer,Complete,Step completed
